{"cameraMode":{"drawMode":0,"name":"Shaded","section":"Shading Mode"},"sceneLighting":false,"audioPlay":false,"sceneViewState":{"m_AlwaysRefresh":false,"showFog":true,"showSkybox":false,"showFlares":true,"showImageEffects":true,"showParticleSystems":true,"showVisualEffectGraphs":true,"m_FxEnabled":true},"in2DMode":false,"pivot":{"x":-0.7321579456329346,"y":2.2226295471191408,"z":0.7493672370910645},"rotation":{"x":-0.05648498609662056,"y":0.27520695328712466,"z":-0.016250189393758775,"w":-0.9596095681190491},"size":3.2162764072418215,"orthographic":false}