{"cameraMode":{"drawMode":0,"name":"Shaded","section":"Shading Mode"},"sceneLighting":false,"audioPlay":false,"sceneViewState":{"m_AlwaysRefresh":false,"showFog":true,"showSkybox":false,"showFlares":true,"showImageEffects":true,"showParticleSystems":true,"showVisualEffectGraphs":true,"m_FxEnabled":true},"in2DMode":false,"pivot":{"x":-0.9861679077148438,"y":2.4338300228118898,"z":3.586458444595337},"rotation":{"x":-0.04206404462456703,"y":0.10351789742708206,"z":-0.004432077053934336,"w":-0.9937503933906555},"size":3.2162764072418215,"orthographic":false}