{"cameraMode":{"drawMode":0,"name":"Shaded","section":"Shading Mode"},"sceneLighting":false,"audioPlay":false,"sceneViewState":{"m_AlwaysRefresh":false,"showFog":true,"showSkybox":false,"showFlares":true,"showImageEffects":true,"showParticleSystems":true,"showVisualEffectGraphs":true,"m_FxEnabled":true},"in2DMode":false,"pivot":{"x":-10.461108207702637,"y":-3.778925895690918,"z":17.41596221923828},"rotation":{"x":-0.08837667852640152,"y":0.26445356011390688,"z":-0.024393191561102868,"w":-0.9600523114204407},"size":11.157438278198243,"orthographic":false}